{"attribution":"http://www.cesiumlab.com","available":[[{"endX":1,"endY":0,"startX":0,"startY":0}],[{"endX":3,"endY":1,"startX":2,"startY":0}],[{"endX":5,"endY":3,"startX":4,"startY":2}],[{"endX":9,"endY":7,"startX":8,"startY":6}],[{"endX":17,"endY":13,"startX":16,"startY":12}],[{"endX":35,"endY":27,"startX":34,"startY":26}],[{"endX":71,"endY":53,"startX":70,"startY":52}],[{"endX":141,"endY":107,"startX":140,"startY":106}],[{"endX":281,"endY":213,"startX":280,"startY":212}],[{"endX":563,"endY":425,"startX":562,"startY":424}],[{"endX":1127,"endY":849,"startX":1126,"startY":848}],[{"endX":2255,"endY":1699,"startX":2254,"startY":1698}],[{"endX":4509,"endY":3397,"startX":4508,"startY":3396}],[{"endX":9017,"endY":6795,"startX":9016,"startY":6794}],[{"endX":18035,"endY":13591,"startX":18034,"startY":13588}],[{"endX":36071,"endY":27181,"startX":36068,"startY":27178}],[{"endX":72141,"endY":54361,"startX":72136,"startY":54358}],[{"endX":144283,"endY":108721,"startX":144274,"startY":108716}]],"bounds":[18.1314218044281,59.3008196353912,18.1434810161591,59.3054759502411],"description":"http://www.cesiumlab.com","extensions":["octvertexnormals"],"format":"quantized-mesh-1.0","maxzoom":17,"minzoom":0,"name":"world","projection":"EPSG:4326","scheme":"tms","tilejson":"1.0","tiles":["{z}/{x}/{y}.terrain"],"version":"1.0.0"}